-- phpMyAdmin SQL Dump
-- version 4.8.4
-- https://www.phpmyadmin.net/
--
-- Host: 127.0.0.1
-- Generation Time: Jul 28, 2019 at 11:38 PM
-- Server version: 10.1.37-MariaDB
-- PHP Version: 7.3.0

SET SQL_MODE = "NO_AUTO_VALUE_ON_ZERO";
SET AUTOCOMMIT = 0;
START TRANSACTION;
SET time_zone = "+00:00";


/*!40101 SET @OLD_CHARACTER_SET_CLIENT=@@CHARACTER_SET_CLIENT */;
/*!40101 SET @OLD_CHARACTER_SET_RESULTS=@@CHARACTER_SET_RESULTS */;
/*!40101 SET @OLD_COLLATION_CONNECTION=@@COLLATION_CONNECTION */;
/*!40101 SET NAMES utf8mb4 */;

--
-- Database: `alsafa`
--

-- --------------------------------------------------------

--
-- Table structure for table `income`
--

CREATE TABLE `income` (
  `id` int(11) NOT NULL,
  `items_hscode` int(11) NOT NULL,
  `account` double NOT NULL,
  `buy_price` double NOT NULL,
  `value` double NOT NULL,
  `sell_price` double NOT NULL,
  `percentage` double NOT NULL,
  `date_to_income` date NOT NULL,
  `report` varchar(255) NOT NULL,
  `supplier_id` int(11) NOT NULL
) ENGINE=InnoDB DEFAULT CHARSET=utf8;

--
-- Dumping data for table `income`
--

INSERT INTO `income` (`id`, `items_hscode`, `account`, `buy_price`, `value`, `sell_price`, `percentage`, `date_to_income`, `report`, `supplier_id`) VALUES
(2, 4, 12, 14, 168, 16.8, 20, '2019-07-27', '3535', 1),
(3, 1, 20, 10, 200, 11.2, 12, '2019-07-27', '545', 1),
(4, 2, 1021, 12, 12252, 14.4, 20, '2019-07-27', '54', 1),
(5, 9, 21, 10, 400, 12, 20, '2019-07-27', '45', 1),
(23, 1, 5, 5, 25, 5.25, 5, '2019-07-28', '5', 1),
(24, 2, 100, 10, 1000, 11.5, 15, '2019-07-28', 'فاتوره باسا احمر 21224ab', 1),
(27, 3, 200, 5, 1000, 5.25, 5, '2019-07-28', '44arsar report', 1),
(28, 35, 500, 5, 2500, 5.5, 10, '2019-07-28', '78swas', 1);

-- --------------------------------------------------------

--
-- Table structure for table `items`
--

CREATE TABLE `items` (
  `hscode` int(255) NOT NULL,
  `name` varchar(255) NOT NULL,
  `dest` float NOT NULL
) ENGINE=InnoDB DEFAULT CHARSET=utf8;

--
-- Dumping data for table `items`
--

INSERT INTO `items` (`hscode`, `name`, `dest`) VALUES
(1, 'باسا أبيض ', 0.35),
(2, 'باسا احمر ', 0),
(3, 'شرائح سبيط', 0.4),
(4, 'كاليمارى ', 0.5),
(5, 'صوابع كابوريا', 0.03),
(6, 'سردين مجمد', 0.04),
(8, 'بربون مجمد', 0.003),
(9, 'بلح بحر ', 0.04),
(10, 'بلح نصف صدفه ', 0),
(11, 'سالمون ', 0),
(12, 'فليه سالمون ', 0),
(13, 'فليه قشر مجمد', 0),
(14, 'فليه بلطى مجمد', 0),
(15, 'كابوريا اناث مجمد', 0),
(16, 'كابوريا ذكر مجمد', 0),
(17, 'ماكريل ', 0),
(18, '20/10 ارجنتينى ', 0),
(20, '30/20 ارجنتينى ', 0),
(21, '40/30 ارجنتينى ', 0),
(22, '300/200', 0),
(24, '120/80', 0),
(25, '80/60', 0),
(26, '60/40', 0),
(27, '40/20', 0),
(28, '80/70 بقشره ', 0),
(29, '70/60 بقشره ', 0),
(30, '60/50 بقشره ', 0),
(31, '50/40 بقشره ', 0),
(32, '40/30 بقشره ', 0),
(33, '30/20 بقشره ', 0),
(34, '20/10 بقشره ', 0),
(35, '12/8 بقشره ', 0),
(37, 'u 15', 0),
(38, 'u 12', 0),
(40, 'موسى مجمد', 0),
(41, 'استاكوزا ', 0),
(42, 'ذيول استاكوزا ', 0),
(43, '300/200 فيتنامى ', 0),
(45, '200/100 فيتنامى ', 0),
(46, '120/80 فيتنامى ', 0),
(47, '90/70 فيتنامى ', 0),
(48, '70/60 فيتنامى ', 0),
(49, '60/50 فيتنامى ', 0),
(50, '50/40 فيتنامى ', 0),
(51, '40/30 فيتنامى ', 0),
(52, '30/26 فيتنامى ', 0),
(53, '25/20 فيتنامى ', 0),
(57, 'بلطى سوبر ', 0),
(59, 'بلطى وسط', 0),
(60, 'بورى سوبر ', 0),
(61, 'بورى وسط', 0),
(62, 'مكرونة بلدى ', 0),
(63, 'مكرونة خليجى ', 0),
(64, 'موسى بلدى ', 0),
(66, 'موسى خليجى ', 0),
(67, 'قاروص ', 0),
(69, 'دينيس ', 0),
(70, 'سمك قشر بياض', 0),
(71, 'لوت ', 0),
(72, 'سبيط', 0),
(73, 'شعور ', 0),
(74, 'محسنى ', 0),
(75, 'مرجان حر ', 0),
(76, 'مرجان نظاره ', 0),
(77, 'مرجان صرع ', 0),
(78, 'بهار ', 0),
(80, 'هامور ', 0),
(81, 'فارس ', 0),
(82, 'مياس ', 0),
(83, 'سهليه ', 0),
(84, 'دراك ', 0),
(85, 'خرمان ', 0),
(87, 'وقار 111', 0),
(88, 'كشر ', 0),
(90, 'جرادى ', 0),
(91, 'زرابين ', 0),
(92, 'بلاميطه /مبروكه ', 0),
(93, 'شيفش ', 0),
(94, 'حريد', 0),
(95, 'ثعابين ', 0),
(99, 'وقار سويسى ', 0),
(100, 'بربون بلدى ', 0),
(101, 'بيض سبيط', 0),
(102, 'بطارخ بورى ', 0),
(103, 'جمبرى بلدى جامبو ', 0),
(104, 'جمبرى بلدى كبير ', 0),
(105, 'جمبرى بلدى وسط', 0),
(106, 'جمبرى بلدى صغير ', 0),
(107, 'ناجل ', 0),
(108, 'قاصه ', 0),
(109, 'جندوفلى ', 0),
(112, 'فيلية قشر ', 0),
(113, 'فليه سياس ', 0),
(114, 'كابوريا ذكر ', 0),
(116, 'كابوريا شوربه ', 0),
(117, 'رنجه دهب / مصر المحروسه / النورس ', 0),
(118, 'رنجة جوهرة أو علم أحمر', 0),
(119, 'فليه رنجه ', 0),
(120, 'بطارخ رنجه ', 0),
(121, 'رنجه مغلف ', 0),
(122, 'سردين مملح ', 0),
(124, 'فسيخ ', 0),
(125, 'سموك سالمون ', 0),
(400, 'كابوريا إناث', 0),
(1235, 'جمبرى فيتنامى', 0.2),
(2541, '15/11 بقشره ', 0.03),
(9648, 'حسين 2', 0),
(15421, 'تيتو', 0.07);

-- --------------------------------------------------------

--
-- Table structure for table `itemssales`
--

CREATE TABLE `itemssales` (
  `id` int(11) NOT NULL,
  `san_code` int(11) NOT NULL,
  `items_hscode` int(11) NOT NULL,
  `sales_id` int(11) NOT NULL,
  `number` float NOT NULL,
  `date_to_store` datetime NOT NULL
) ENGINE=InnoDB DEFAULT CHARSET=utf8;

--
-- Dumping data for table `itemssales`
--

INSERT INTO `itemssales` (`id`, `san_code`, `items_hscode`, `sales_id`, `number`, `date_to_store`) VALUES
(0, 45, 1, 66, 50, '2019-07-27 03:07:57'),
(0, 214, 1, 67, 10, '2019-07-27 03:07:57'),
(0, 214, 3, 67, 10, '2019-07-27 03:07:57'),
(0, 214, 1235, 67, 10, '2019-07-27 03:07:57'),
(0, 96, 1235, 68, 50, '2019-07-27 05:07:26'),
(0, 635, 3, 69, 30, '2019-07-27 05:07:26'),
(0, 45, 1, 70, 5, '2019-02-20 04:02:01'),
(0, 214, 1, 71, 20, '2019-02-20 04:02:10'),
(0, 214, 3, 71, 20, '2019-02-20 04:02:10'),
(0, 214, 1235, 71, 20, '2019-02-20 04:02:10'),
(0, 45, 1, 72, 5, '2019-07-27 12:07:12'),
(0, 45, 1, 73, 120, '2019-07-28 10:07:09');

-- --------------------------------------------------------

--
-- Table structure for table `itemssan`
--

CREATE TABLE `itemssan` (
  `id` int(11) NOT NULL,
  `items_hscode` int(11) NOT NULL,
  `san_code` int(11) NOT NULL,
  `percentage` double NOT NULL
) ENGINE=InnoDB DEFAULT CHARSET=utf8;

--
-- Dumping data for table `itemssan`
--

INSERT INTO `itemssan` (`id`, `items_hscode`, `san_code`, `percentage`) VALUES
(25, 1, 214, 0.1),
(27, 1, 216, 0.04),
(28, 21, 216, 0.04),
(29, 3, 214, 0.1),
(30, 1235, 96, 0.05),
(31, 1, 45, 0.1),
(32, 3, 635, 0.08),
(33, 1235, 214, 0.03);

-- --------------------------------------------------------

--
-- Table structure for table `sales`
--

CREATE TABLE `sales` (
  `id` int(11) NOT NULL,
  `san_code` int(255) NOT NULL,
  `number` int(255) NOT NULL,
  `date_to_sales` datetime NOT NULL DEFAULT '0000-00-00 00:00:00' ON UPDATE CURRENT_TIMESTAMP
) ENGINE=InnoDB DEFAULT CHARSET=utf8;

--
-- Dumping data for table `sales`
--

INSERT INTO `sales` (`id`, `san_code`, `number`, `date_to_sales`) VALUES
(66, 45, 50, '2019-07-27 03:50:17'),
(67, 214, 10, '2019-07-27 03:07:57'),
(68, 96, 50, '2019-07-27 05:07:26'),
(69, 635, 30, '2019-07-27 05:07:26'),
(70, 45, 5, '2019-02-20 04:02:01'),
(71, 214, 20, '2019-02-20 04:02:10'),
(72, 45, 5, '2019-07-27 12:07:12'),
(73, 45, 120, '2019-07-28 11:01:24');

-- --------------------------------------------------------

--
-- Table structure for table `san`
--

CREATE TABLE `san` (
  `name` varchar(255) NOT NULL,
  `code` int(11) NOT NULL
) ENGINE=InnoDB DEFAULT CHARSET=utf8;

--
-- Dumping data for table `san`
--

INSERT INTO `san` (`name`, `code`) VALUES
('سندوتش فيليه ', 45),
('سندوتش جمبرى ', 96),
('شوربة سى فود', 214),
('سندوتش سبيط / كاليمارى ', 635);

-- --------------------------------------------------------

--
-- Table structure for table `store`
--

CREATE TABLE `store` (
  `id` int(255) NOT NULL,
  `items_hscode` int(255) NOT NULL,
  `pre_account` double NOT NULL,
  `income_id` int(11) DEFAULT NULL,
  `sales` double NOT NULL,
  `kitchen` double NOT NULL,
  `other_account` double NOT NULL,
  `notes` text NOT NULL,
  `date_to_store` date NOT NULL
) ENGINE=InnoDB DEFAULT CHARSET=utf8;

--
-- Dumping data for table `store`
--

INSERT INTO `store` (`id`, `items_hscode`, `pre_account`, `income_id`, `sales`, `kitchen`, `other_account`, `notes`, `date_to_store`) VALUES
(758, 1, 0, 23, 10, 5, -10, '   ', '2019-07-28'),
(759, 2, 0, 24, 50, 12, 38, '   ', '2019-07-28'),
(760, 3, 12, 27, 0, 0, 212, '   ', '2019-07-28'),
(761, 4, 0, NULL, 0, 0, 0, '   ', '2019-07-28'),
(762, 5, 0, NULL, 0, 0, 0, '   ', '2019-07-28'),
(763, 6, 0, NULL, 0, 0, 0, '   ', '2019-07-28'),
(764, 8, 0, NULL, 0, 0, 0, '   ', '2019-07-28'),
(765, 9, 0, NULL, 0, 0, 0, '   ', '2019-07-28'),
(766, 10, 0, NULL, 0, 0, 0, '   ', '2019-07-28'),
(767, 11, 0, NULL, 0, 0, 0, '   ', '2019-07-28'),
(768, 12, 0, NULL, 0, 0, 0, '   ', '2019-07-28'),
(769, 13, 0, NULL, 0, 0, 0, '   ', '2019-07-28'),
(770, 14, 0, NULL, 0, 0, 0, '   ', '2019-07-28'),
(771, 15, 0, NULL, 0, 0, 0, '   ', '2019-07-28'),
(772, 16, 0, NULL, 0, 0, 0, '   ', '2019-07-28'),
(773, 17, 0, NULL, 0, 0, 0, '   ', '2019-07-28'),
(774, 18, 0, NULL, 0, 0, 0, '   ', '2019-07-28'),
(775, 20, 0, NULL, 0, 0, 0, '   ', '2019-07-28'),
(776, 21, 0, NULL, 0, 0, 0, '   ', '2019-07-28'),
(777, 22, 0, NULL, 0, 0, 0, '   ', '2019-07-28'),
(778, 24, 0, NULL, 0, 0, 0, '   ', '2019-07-28'),
(779, 25, 0, NULL, 0, 0, 0, '   ', '2019-07-28'),
(780, 26, 0, NULL, 0, 0, 0, '   ', '2019-07-28'),
(781, 27, 0, NULL, 0, 0, 0, '   ', '2019-07-28'),
(782, 28, 0, NULL, 0, 0, 0, '   ', '2019-07-28'),
(783, 29, 0, NULL, 0, 0, 0, '   ', '2019-07-28'),
(784, 30, 0, NULL, 0, 0, 0, '   ', '2019-07-28'),
(785, 31, 0, NULL, 0, 0, 0, '   ', '2019-07-28'),
(786, 32, 0, NULL, 0, 0, 0, '   ', '2019-07-28'),
(787, 33, 0, NULL, 0, 0, 0, '   ', '2019-07-28'),
(788, 34, 0, NULL, 0, 0, 0, '   ', '2019-07-28'),
(789, 35, 0, 28, 0, 0, 500, '   ', '2019-07-28'),
(790, 37, 0, NULL, 0, 0, 0, '   ', '2019-07-28'),
(791, 38, 0, NULL, 0, 0, 0, '   ', '2019-07-28'),
(792, 40, 0, NULL, 0, 0, 0, '   ', '2019-07-28'),
(793, 41, 0, NULL, 0, 0, 0, '   ', '2019-07-28'),
(794, 42, 0, NULL, 0, 0, 0, '   ', '2019-07-28'),
(795, 43, 0, NULL, 0, 0, 0, '   ', '2019-07-28'),
(796, 45, 0, NULL, 0, 0, 0, '   ', '2019-07-28'),
(797, 46, 0, NULL, 0, 0, 0, '   ', '2019-07-28'),
(798, 47, 0, NULL, 0, 0, 0, '   ', '2019-07-28'),
(799, 48, 0, NULL, 0, 0, 0, '   ', '2019-07-28'),
(800, 49, 0, NULL, 0, 0, 0, '   ', '2019-07-28'),
(801, 50, 0, NULL, 0, 0, 0, '   ', '2019-07-28'),
(802, 51, 0, NULL, 0, 0, 0, '   ', '2019-07-28'),
(803, 52, 0, NULL, 0, 0, 0, '   ', '2019-07-28'),
(804, 53, 0, NULL, 0, 0, 0, '   ', '2019-07-28'),
(805, 57, 0, NULL, 0, 0, 0, '   ', '2019-07-28'),
(806, 59, 0, NULL, 0, 0, 0, '   ', '2019-07-28'),
(807, 60, 0, NULL, 0, 0, 0, '   ', '2019-07-28'),
(808, 61, 0, NULL, 0, 0, 0, '   ', '2019-07-28'),
(809, 62, 0, NULL, 0, 0, 0, '   ', '2019-07-28'),
(810, 63, 0, NULL, 0, 0, 0, '   ', '2019-07-28'),
(811, 64, 0, NULL, 0, 0, 0, '   ', '2019-07-28'),
(812, 66, 0, NULL, 0, 0, 0, '   ', '2019-07-28'),
(813, 67, 0, NULL, 0, 0, 0, '   ', '2019-07-28'),
(814, 69, 0, NULL, 0, 0, 0, '   ', '2019-07-28'),
(815, 70, 0, NULL, 0, 0, 0, '   ', '2019-07-28'),
(816, 71, 0, NULL, 0, 0, 0, '   ', '2019-07-28'),
(817, 72, 0, NULL, 0, 0, 0, '   ', '2019-07-28'),
(818, 73, 0, NULL, 0, 0, 0, '   ', '2019-07-28'),
(819, 74, 0, NULL, 0, 0, 0, '   ', '2019-07-28'),
(820, 75, 0, NULL, 0, 0, 0, '   ', '2019-07-28'),
(821, 76, 0, NULL, 0, 0, 0, '   ', '2019-07-28'),
(822, 77, 0, NULL, 0, 0, 0, '   ', '2019-07-28'),
(823, 78, 0, NULL, 0, 0, 0, '   ', '2019-07-28'),
(824, 80, 0, NULL, 0, 0, 0, '   ', '2019-07-28'),
(825, 81, 0, NULL, 0, 0, 0, '   ', '2019-07-28'),
(826, 82, 0, NULL, 0, 0, 0, '   ', '2019-07-28'),
(827, 83, 0, NULL, 0, 0, 0, '   ', '2019-07-28'),
(828, 84, 0, NULL, 0, 0, 0, '   ', '2019-07-28'),
(829, 85, 0, NULL, 0, 0, 0, '   ', '2019-07-28'),
(830, 87, 0, NULL, 0, 0, 0, '   ', '2019-07-28'),
(831, 88, 0, NULL, 0, 0, 0, '   ', '2019-07-28'),
(832, 90, 0, NULL, 0, 0, 0, '   ', '2019-07-28'),
(833, 91, 0, NULL, 0, 0, 0, '   ', '2019-07-28'),
(834, 92, 0, NULL, 0, 0, 0, '   ', '2019-07-28'),
(835, 93, 0, NULL, 0, 0, 0, '   ', '2019-07-28'),
(836, 94, 0, NULL, 0, 0, 0, '   ', '2019-07-28'),
(837, 95, 0, NULL, 0, 0, 0, '   ', '2019-07-28'),
(838, 99, 0, NULL, 0, 0, 0, '   ', '2019-07-28'),
(839, 100, 0, NULL, 0, 0, 0, '   ', '2019-07-28'),
(840, 101, 0, NULL, 0, 0, 0, '   ', '2019-07-28'),
(841, 102, 0, NULL, 0, 0, 0, '   ', '2019-07-28'),
(842, 103, 0, NULL, 0, 0, 0, '   ', '2019-07-28'),
(843, 104, 0, NULL, 0, 0, 0, '   ', '2019-07-28'),
(844, 105, 0, NULL, 0, 0, 0, '   ', '2019-07-28'),
(845, 106, 0, NULL, 0, 0, 0, '   ', '2019-07-28'),
(846, 107, 0, NULL, 0, 0, 0, '   ', '2019-07-28'),
(847, 108, 0, NULL, 0, 0, 0, '   ', '2019-07-28'),
(848, 109, 0, NULL, 0, 0, 0, '   ', '2019-07-28'),
(849, 112, 0, NULL, 0, 0, 0, '   ', '2019-07-28'),
(850, 113, 0, NULL, 0, 0, 0, '   ', '2019-07-28'),
(851, 114, 0, NULL, 0, 0, 0, '   ', '2019-07-28'),
(852, 116, 0, NULL, 0, 0, 0, '   ', '2019-07-28'),
(853, 117, 0, NULL, 0, 0, 0, '   ', '2019-07-28'),
(854, 118, 0, NULL, 0, 0, 0, '   ', '2019-07-28'),
(855, 119, 0, NULL, 0, 0, 0, '   ', '2019-07-28'),
(856, 120, 0, NULL, 0, 0, 0, '   ', '2019-07-28'),
(857, 121, 0, NULL, 0, 0, 0, '   ', '2019-07-28'),
(858, 122, 0, NULL, 0, 0, 0, '   ', '2019-07-28'),
(859, 124, 0, NULL, 0, 0, 0, '   ', '2019-07-28'),
(860, 125, 0, NULL, 0, 0, 0, '   ', '2019-07-28'),
(861, 400, 0, NULL, 0, 0, 0, '   ', '2019-07-28'),
(862, 1235, 0, NULL, 0, 0, 0, '   ', '2019-07-28'),
(863, 2541, 0, NULL, 0, 0, 0, '   ', '2019-07-28'),
(864, 9648, 0, NULL, 0, 0, 0, '   ', '2019-07-28'),
(865, 15421, 0, NULL, 0, 0, 0, '   ', '2019-07-28'),
(866, 1, -10, 3, 10, 12, -12, '   ', '2019-07-27'),
(867, 2, 38, 4, 0, 0, 1059, '   ', '2019-07-27'),
(868, 3, 212, NULL, 0, 0, 212, '   ', '2019-07-27'),
(869, 4, 0, 2, 0, 0, 12, '   ', '2019-07-27'),
(870, 5, 0, NULL, 0, 0, 0, '   ', '2019-07-27'),
(871, 6, 0, NULL, 0, 0, 0, '   ', '2019-07-27'),
(872, 8, 0, NULL, 0, 0, 0, '   ', '2019-07-27'),
(873, 9, 0, 5, 0, 0, 21, '   ', '2019-07-27'),
(874, 10, 0, NULL, 0, 0, 0, '   ', '2019-07-27'),
(875, 11, 0, NULL, 0, 0, 0, '   ', '2019-07-27'),
(876, 12, 0, NULL, 0, 0, 0, '   ', '2019-07-27'),
(877, 13, 0, NULL, 0, 0, 0, '   ', '2019-07-27'),
(878, 14, 0, NULL, 0, 0, 0, '   ', '2019-07-27'),
(879, 15, 0, NULL, 0, 0, 0, '   ', '2019-07-27'),
(880, 16, 0, NULL, 0, 0, 0, '   ', '2019-07-27'),
(881, 17, 0, NULL, 0, 0, 0, '   ', '2019-07-27'),
(882, 18, 0, NULL, 0, 0, 0, '   ', '2019-07-27'),
(883, 20, 0, NULL, 0, 0, 0, '   ', '2019-07-27'),
(884, 21, 0, NULL, 0, 0, 0, '   ', '2019-07-27'),
(885, 22, 0, NULL, 0, 0, 0, '   ', '2019-07-27'),
(886, 24, 0, NULL, 0, 0, 0, '   ', '2019-07-27'),
(887, 25, 0, NULL, 0, 0, 0, '   ', '2019-07-27'),
(888, 26, 0, NULL, 0, 0, 0, '   ', '2019-07-27'),
(889, 27, 0, NULL, 0, 0, 0, '   ', '2019-07-27'),
(890, 28, 0, NULL, 0, 0, 0, '   ', '2019-07-27'),
(891, 29, 0, NULL, 0, 0, 0, '   ', '2019-07-27'),
(892, 30, 0, NULL, 0, 0, 0, '   ', '2019-07-27'),
(893, 31, 0, NULL, 0, 0, 0, '   ', '2019-07-27'),
(894, 32, 0, NULL, 0, 0, 0, '   ', '2019-07-27'),
(895, 33, 0, NULL, 0, 0, 0, '   ', '2019-07-27'),
(896, 34, 0, NULL, 0, 0, 0, '   ', '2019-07-27'),
(897, 35, 0, 28, 0, 0, 500, '   ', '2019-07-27'),
(898, 37, 0, NULL, 0, 0, 0, '   ', '2019-07-27'),
(899, 38, 0, NULL, 0, 0, 0, '   ', '2019-07-27'),
(900, 40, 0, NULL, 0, 0, 0, '   ', '2019-07-27'),
(901, 41, 0, NULL, 0, 0, 0, '   ', '2019-07-27'),
(902, 42, 0, NULL, 0, 0, 0, '   ', '2019-07-27'),
(903, 43, 0, NULL, 0, 0, 0, '   ', '2019-07-27'),
(904, 45, 0, NULL, 0, 0, 0, '   ', '2019-07-27'),
(905, 46, 0, NULL, 0, 0, 0, '   ', '2019-07-27'),
(906, 47, 0, NULL, 0, 0, 0, '   ', '2019-07-27'),
(907, 48, 0, NULL, 0, 0, 0, '   ', '2019-07-27'),
(908, 49, 0, NULL, 0, 0, 0, '   ', '2019-07-27'),
(909, 50, 0, NULL, 0, 0, 0, '   ', '2019-07-27'),
(910, 51, 0, NULL, 0, 0, 0, '   ', '2019-07-27'),
(911, 52, 0, NULL, 0, 0, 0, '   ', '2019-07-27'),
(912, 53, 0, NULL, 0, 0, 0, '   ', '2019-07-27'),
(913, 57, 0, NULL, 0, 0, 0, '   ', '2019-07-27'),
(914, 59, 0, NULL, 0, 0, 0, '   ', '2019-07-27'),
(915, 60, 0, NULL, 0, 0, 0, '   ', '2019-07-27'),
(916, 61, 0, NULL, 0, 0, 0, '   ', '2019-07-27'),
(917, 62, 0, NULL, 0, 0, 0, '   ', '2019-07-27'),
(918, 63, 0, NULL, 0, 0, 0, '   ', '2019-07-27'),
(919, 64, 0, NULL, 0, 0, 0, '   ', '2019-07-27'),
(920, 66, 0, NULL, 0, 0, 0, '   ', '2019-07-27'),
(921, 67, 0, NULL, 0, 0, 0, '   ', '2019-07-27'),
(922, 69, 0, NULL, 0, 0, 0, '   ', '2019-07-27'),
(923, 70, 0, NULL, 0, 0, 0, '   ', '2019-07-27'),
(924, 71, 0, NULL, 0, 0, 0, '   ', '2019-07-27'),
(925, 72, 0, NULL, 0, 0, 0, '   ', '2019-07-27'),
(926, 73, 0, NULL, 0, 0, 0, '   ', '2019-07-27'),
(927, 74, 0, NULL, 0, 0, 0, '   ', '2019-07-27'),
(928, 75, 0, NULL, 0, 0, 0, '   ', '2019-07-27'),
(929, 76, 0, NULL, 0, 0, 0, '   ', '2019-07-27'),
(930, 77, 0, NULL, 0, 0, 0, '   ', '2019-07-27'),
(931, 78, 0, NULL, 0, 0, 0, '   ', '2019-07-27'),
(932, 80, 0, NULL, 0, 0, 0, '   ', '2019-07-27'),
(933, 81, 0, NULL, 0, 0, 0, '   ', '2019-07-27'),
(934, 82, 0, NULL, 0, 0, 0, '   ', '2019-07-27'),
(935, 83, 0, NULL, 0, 0, 0, '   ', '2019-07-27'),
(936, 84, 0, NULL, 0, 0, 0, '   ', '2019-07-27'),
(937, 85, 0, NULL, 0, 0, 0, '   ', '2019-07-27'),
(938, 87, 0, NULL, 0, 0, 0, '   ', '2019-07-27'),
(939, 88, 0, NULL, 0, 0, 0, '   ', '2019-07-27'),
(940, 90, 0, NULL, 0, 0, 0, '   ', '2019-07-27'),
(941, 91, 0, NULL, 0, 0, 0, '   ', '2019-07-27'),
(942, 92, 0, NULL, 0, 0, 0, '   ', '2019-07-27'),
(943, 93, 0, NULL, 0, 0, 0, '   ', '2019-07-27'),
(944, 94, 0, NULL, 0, 0, 0, '   ', '2019-07-27'),
(945, 95, 0, NULL, 0, 0, 0, '   ', '2019-07-27'),
(946, 99, 0, NULL, 0, 0, 0, '   ', '2019-07-27'),
(947, 100, 0, NULL, 0, 0, 0, '   ', '2019-07-27'),
(948, 101, 0, NULL, 0, 0, 0, '   ', '2019-07-27'),
(949, 102, 0, NULL, 0, 0, 0, '   ', '2019-07-27'),
(950, 103, 0, NULL, 0, 0, 0, '   ', '2019-07-27'),
(951, 104, 0, NULL, 0, 0, 0, '   ', '2019-07-27'),
(952, 105, 0, NULL, 0, 0, 0, '   ', '2019-07-27'),
(953, 106, 0, NULL, 0, 0, 0, '   ', '2019-07-27'),
(954, 107, 0, NULL, 0, 0, 0, '   ', '2019-07-27'),
(955, 108, 0, NULL, 0, 0, 0, '   ', '2019-07-27'),
(956, 109, 0, NULL, 0, 0, 0, '   ', '2019-07-27'),
(957, 112, 0, NULL, 0, 0, 0, '   ', '2019-07-27'),
(958, 113, 0, NULL, 0, 0, 0, '   ', '2019-07-27'),
(959, 114, 0, NULL, 0, 0, 0, '   ', '2019-07-27'),
(960, 116, 0, NULL, 0, 0, 0, '   ', '2019-07-27'),
(961, 117, 0, NULL, 0, 0, 0, '   ', '2019-07-27'),
(962, 118, 0, NULL, 0, 0, 0, '   ', '2019-07-27'),
(963, 119, 0, NULL, 0, 0, 0, '   ', '2019-07-27'),
(964, 120, 0, NULL, 0, 0, 0, '   ', '2019-07-27'),
(965, 121, 0, NULL, 0, 0, 0, '   ', '2019-07-27'),
(966, 122, 0, NULL, 0, 0, 0, '   ', '2019-07-27'),
(967, 124, 0, NULL, 0, 0, 0, '   ', '2019-07-27'),
(968, 125, 0, NULL, 0, 0, 0, '   ', '2019-07-27'),
(969, 400, 0, NULL, 0, 0, 0, '   ', '2019-07-27'),
(970, 1235, 0, NULL, 0, 0, 0, '   ', '2019-07-27'),
(971, 2541, 0, NULL, 0, 0, 0, '   ', '2019-07-27'),
(972, 9648, 0, NULL, 0, 0, 0, '   ', '2019-07-27'),
(973, 15421, 0, NULL, 0, 0, 0, '   ', '2019-07-27'),
(974, 1, -10, NULL, 10, 1, -21, '   ', '2019-04-01'),
(975, 2, 38, NULL, 0, 0, 38, '   ', '2019-04-01'),
(976, 3, 212, NULL, 0, 0, 212, '   ', '2019-04-01'),
(977, 4, 0, NULL, 0, 0, 0, '   ', '2019-04-01'),
(978, 5, 0, NULL, 0, 0, 0, '   ', '2019-04-01'),
(979, 6, 0, NULL, 0, 0, 0, '   ', '2019-04-01'),
(980, 8, 0, NULL, 0, 0, 0, '   ', '2019-04-01'),
(981, 9, 0, NULL, 0, 0, 0, '   ', '2019-04-01'),
(982, 10, 0, NULL, 0, 0, 0, '   ', '2019-04-01'),
(983, 11, 0, NULL, 0, 0, 0, '   ', '2019-04-01'),
(984, 12, 0, NULL, 0, 0, 0, '   ', '2019-04-01'),
(985, 13, 0, NULL, 0, 0, 0, '   ', '2019-04-01'),
(986, 14, 0, NULL, 0, 0, 0, '   ', '2019-04-01'),
(987, 15, 0, NULL, 0, 0, 0, '   ', '2019-04-01'),
(988, 16, 0, NULL, 0, 0, 0, '   ', '2019-04-01'),
(989, 17, 0, NULL, 0, 0, 0, '   ', '2019-04-01'),
(990, 18, 0, NULL, 0, 0, 0, '   ', '2019-04-01'),
(991, 20, 0, NULL, 0, 0, 0, '   ', '2019-04-01'),
(992, 21, 0, NULL, 0, 0, 0, '   ', '2019-04-01'),
(993, 22, 0, NULL, 0, 0, 0, '   ', '2019-04-01'),
(994, 24, 0, NULL, 0, 0, 0, '   ', '2019-04-01'),
(995, 25, 0, NULL, 0, 0, 0, '   ', '2019-04-01'),
(996, 26, 0, NULL, 0, 0, 0, '   ', '2019-04-01'),
(997, 27, 0, NULL, 0, 0, 0, '   ', '2019-04-01'),
(998, 28, 0, NULL, 0, 0, 0, '   ', '2019-04-01'),
(999, 29, 0, NULL, 0, 0, 0, '   ', '2019-04-01'),
(1000, 30, 0, NULL, 0, 0, 0, '   ', '2019-04-01'),
(1001, 31, 0, NULL, 0, 0, 0, '   ', '2019-04-01'),
(1002, 32, 0, NULL, 0, 0, 0, '   ', '2019-04-01'),
(1003, 33, 0, NULL, 0, 0, 0, '   ', '2019-04-01'),
(1004, 34, 0, NULL, 0, 0, 0, '   ', '2019-04-01'),
(1005, 35, 0, 28, 0, 0, 500, '   ', '2019-04-01'),
(1006, 37, 0, NULL, 0, 0, 0, '   ', '2019-04-01'),
(1007, 38, 0, NULL, 0, 0, 0, '   ', '2019-04-01'),
(1008, 40, 0, NULL, 0, 0, 0, '   ', '2019-04-01'),
(1009, 41, 0, NULL, 0, 0, 0, '   ', '2019-04-01'),
(1010, 42, 0, NULL, 0, 0, 0, '   ', '2019-04-01'),
(1011, 43, 0, NULL, 0, 0, 0, '   ', '2019-04-01'),
(1012, 45, 0, NULL, 0, 0, 0, '   ', '2019-04-01'),
(1013, 46, 0, NULL, 0, 0, 0, '   ', '2019-04-01'),
(1014, 47, 0, NULL, 0, 0, 0, '   ', '2019-04-01'),
(1015, 48, 0, NULL, 0, 0, 0, '   ', '2019-04-01'),
(1016, 49, 0, NULL, 0, 0, 0, '   ', '2019-04-01'),
(1017, 50, 0, NULL, 0, 0, 0, '   ', '2019-04-01'),
(1018, 51, 0, NULL, 0, 0, 0, '   ', '2019-04-01'),
(1019, 52, 0, NULL, 0, 0, 0, '   ', '2019-04-01'),
(1020, 53, 0, NULL, 0, 0, 0, '   ', '2019-04-01'),
(1021, 57, 0, NULL, 0, 0, 0, '   ', '2019-04-01'),
(1022, 59, 0, NULL, 0, 0, 0, '   ', '2019-04-01'),
(1023, 60, 0, NULL, 0, 0, 0, '   ', '2019-04-01'),
(1024, 61, 0, NULL, 0, 0, 0, '   ', '2019-04-01'),
(1025, 62, 0, NULL, 0, 0, 0, '   ', '2019-04-01'),
(1026, 63, 0, NULL, 0, 0, 0, '   ', '2019-04-01'),
(1027, 64, 0, NULL, 0, 0, 0, '   ', '2019-04-01'),
(1028, 66, 0, NULL, 0, 0, 0, '   ', '2019-04-01'),
(1029, 67, 0, NULL, 0, 0, 0, '   ', '2019-04-01'),
(1030, 69, 0, NULL, 0, 0, 0, '   ', '2019-04-01'),
(1031, 70, 0, NULL, 0, 0, 0, '   ', '2019-04-01'),
(1032, 71, 0, NULL, 0, 0, 0, '   ', '2019-04-01'),
(1033, 72, 0, NULL, 0, 0, 0, '   ', '2019-04-01'),
(1034, 73, 0, NULL, 0, 0, 0, '   ', '2019-04-01'),
(1035, 74, 0, NULL, 0, 0, 0, '   ', '2019-04-01'),
(1036, 75, 0, NULL, 0, 0, 0, '   ', '2019-04-01'),
(1037, 76, 0, NULL, 0, 0, 0, '   ', '2019-04-01'),
(1038, 77, 0, NULL, 0, 0, 0, '   ', '2019-04-01'),
(1039, 78, 0, NULL, 0, 0, 0, '   ', '2019-04-01'),
(1040, 80, 0, NULL, 0, 0, 0, '   ', '2019-04-01'),
(1041, 81, 0, NULL, 0, 0, 0, '   ', '2019-04-01'),
(1042, 82, 0, NULL, 0, 0, 0, '   ', '2019-04-01'),
(1043, 83, 0, NULL, 0, 0, 0, '   ', '2019-04-01'),
(1044, 84, 0, NULL, 0, 0, 0, '   ', '2019-04-01'),
(1045, 85, 0, NULL, 0, 0, 0, '   ', '2019-04-01'),
(1046, 87, 0, NULL, 0, 0, 0, '   ', '2019-04-01'),
(1047, 88, 0, NULL, 0, 0, 0, '   ', '2019-04-01'),
(1048, 90, 0, NULL, 0, 0, 0, '   ', '2019-04-01'),
(1049, 91, 0, NULL, 0, 0, 0, '   ', '2019-04-01'),
(1050, 92, 0, NULL, 0, 0, 0, '   ', '2019-04-01'),
(1051, 93, 0, NULL, 0, 0, 0, '   ', '2019-04-01'),
(1052, 94, 0, NULL, 0, 0, 0, '   ', '2019-04-01'),
(1053, 95, 0, NULL, 0, 0, 0, '   ', '2019-04-01'),
(1054, 99, 0, NULL, 0, 0, 0, '   ', '2019-04-01'),
(1055, 100, 0, NULL, 0, 0, 0, '   ', '2019-04-01'),
(1056, 101, 0, NULL, 0, 0, 0, '   ', '2019-04-01'),
(1057, 102, 0, NULL, 0, 0, 0, '   ', '2019-04-01'),
(1058, 103, 0, NULL, 0, 0, 0, '   ', '2019-04-01'),
(1059, 104, 0, NULL, 0, 0, 0, '   ', '2019-04-01'),
(1060, 105, 0, NULL, 0, 0, 0, '   ', '2019-04-01'),
(1061, 106, 0, NULL, 0, 0, 0, '   ', '2019-04-01'),
(1062, 107, 0, NULL, 0, 0, 0, '   ', '2019-04-01'),
(1063, 108, 0, NULL, 0, 0, 0, '   ', '2019-04-01'),
(1064, 109, 0, NULL, 0, 0, 0, '   ', '2019-04-01'),
(1065, 112, 0, NULL, 0, 0, 0, '   ', '2019-04-01'),
(1066, 113, 0, NULL, 0, 0, 0, '   ', '2019-04-01'),
(1067, 114, 0, NULL, 0, 0, 0, '   ', '2019-04-01'),
(1068, 116, 0, NULL, 0, 0, 0, '   ', '2019-04-01'),
(1069, 117, 0, NULL, 0, 0, 0, '   ', '2019-04-01'),
(1070, 118, 0, NULL, 0, 0, 0, '   ', '2019-04-01'),
(1071, 119, 0, NULL, 0, 0, 0, '   ', '2019-04-01'),
(1072, 120, 0, NULL, 0, 0, 0, '   ', '2019-04-01'),
(1073, 121, 0, NULL, 0, 0, 0, '   ', '2019-04-01'),
(1074, 122, 0, NULL, 0, 0, 0, '   ', '2019-04-01'),
(1075, 124, 0, NULL, 0, 0, 0, '   ', '2019-04-01'),
(1076, 125, 0, NULL, 0, 0, 0, '   ', '2019-04-01'),
(1077, 400, 0, NULL, 0, 0, 0, '   ', '2019-04-01'),
(1078, 1235, 0, NULL, 0, 0, 0, '   ', '2019-04-01'),
(1079, 2541, 0, NULL, 0, 0, 0, '   ', '2019-04-01'),
(1080, 9648, 0, NULL, 0, 0, 0, '   ', '2019-04-01'),
(1081, 15421, 0, NULL, 0, 0, 0, '   ', '2019-04-01');

-- --------------------------------------------------------

--
-- Table structure for table `supplier`
--

CREATE TABLE `supplier` (
  `id` int(11) NOT NULL,
  `code` varchar(255) NOT NULL,
  `name` varchar(255) NOT NULL,
  `phone` varchar(255) NOT NULL,
  `fax` varchar(255) NOT NULL,
  `email` varchar(255) NOT NULL,
  `address` varchar(255) NOT NULL
) ENGINE=InnoDB DEFAULT CHARSET=utf8;

--
-- Dumping data for table `supplier`
--

INSERT INTO `supplier` (`id`, `code`, `name`, `phone`, `fax`, `email`, `address`) VALUES
(1, 'a47414', 'المعلم عباس', '-4798448955', '204347374', 'email@me.com', 'egypt'),
(2, 'era 2', 'حسين محمد حسين ', '01032778316 - 01270513452', '  ', 'developer.hussein92@gmail.com', 'جزيرة السعاده - الشرقية -مصر'),
(3, '12354', 'المعلم بيسو', '3323322', '2242424', 'pedo@pedo.com', 'شارع 555 - الاقصر - مصر'),
(6, '4545', 'السيسي', '45454', '  454554', '', 'اتساتبانتسنتاس.'),
(7, '00000', '00000', '00000', '00000', '0000', '00000'),
(8, '00000', '00000', '00000', '00000', '0000', '00000'),
(9, '00000', '00000', '00000', '00000', '0000', '00000');

-- --------------------------------------------------------

--
-- Table structure for table `users`
--

CREATE TABLE `users` (
  `id` int(11) NOT NULL,
  `username` varchar(50) NOT NULL,
  `password` varchar(255) NOT NULL,
  `created_at` datetime DEFAULT CURRENT_TIMESTAMP,
  `status` int(1) NOT NULL DEFAULT '0' COMMENT '0 === user not activate **** 1 ====active except income page ****** 2 ====all pages   **** 3 ===control all users'
) ENGINE=InnoDB DEFAULT CHARSET=utf8;

--
-- Dumping data for table `users`
--

INSERT INTO `users` (`id`, `username`, `password`, `created_at`, `status`) VALUES
(1, 'admin', '$2y$10$Zp2Yz5EWIIyiKNArqcriQO48rgPEstEaJG2cEfSqDNHQisdOjZR/W', '2019-07-18 18:27:09', 3),
(6, 'راشد', '$2y$10$7Gxaq.s60M8P8ZkwsRso0umZcSGbAbwm9e6TmuU9Cg5QuvQaZMKxm', '2019-07-27 05:03:21', 0);

--
-- Indexes for dumped tables
--

--
-- Indexes for table `income`
--
ALTER TABLE `income`
  ADD PRIMARY KEY (`id`),
  ADD KEY `items_hscode` (`items_hscode`),
  ADD KEY `income_supplier_fk` (`supplier_id`);

--
-- Indexes for table `items`
--
ALTER TABLE `items`
  ADD PRIMARY KEY (`hscode`),
  ADD UNIQUE KEY `hscode` (`hscode`),
  ADD UNIQUE KEY `name` (`name`);

--
-- Indexes for table `itemssales`
--
ALTER TABLE `itemssales`
  ADD KEY `items_hscode` (`items_hscode`),
  ADD KEY `san_code` (`san_code`),
  ADD KEY `sales_id` (`sales_id`);

--
-- Indexes for table `itemssan`
--
ALTER TABLE `itemssan`
  ADD PRIMARY KEY (`id`),
  ADD KEY `items_hscoe` (`items_hscode`),
  ADD KEY `san_code` (`san_code`);

--
-- Indexes for table `sales`
--
ALTER TABLE `sales`
  ADD PRIMARY KEY (`id`),
  ADD KEY `san_sales_1` (`san_code`);

--
-- Indexes for table `san`
--
ALTER TABLE `san`
  ADD PRIMARY KEY (`code`);

--
-- Indexes for table `store`
--
ALTER TABLE `store`
  ADD PRIMARY KEY (`id`),
  ADD KEY `items_hscode` (`items_hscode`),
  ADD KEY `income_ibfk_2` (`income_id`);

--
-- Indexes for table `supplier`
--
ALTER TABLE `supplier`
  ADD PRIMARY KEY (`id`);

--
-- Indexes for table `users`
--
ALTER TABLE `users`
  ADD PRIMARY KEY (`id`),
  ADD UNIQUE KEY `username` (`username`);

--
-- AUTO_INCREMENT for dumped tables
--

--
-- AUTO_INCREMENT for table `income`
--
ALTER TABLE `income`
  MODIFY `id` int(11) NOT NULL AUTO_INCREMENT, AUTO_INCREMENT=29;

--
-- AUTO_INCREMENT for table `itemssan`
--
ALTER TABLE `itemssan`
  MODIFY `id` int(11) NOT NULL AUTO_INCREMENT, AUTO_INCREMENT=34;

--
-- AUTO_INCREMENT for table `sales`
--
ALTER TABLE `sales`
  MODIFY `id` int(11) NOT NULL AUTO_INCREMENT, AUTO_INCREMENT=74;

--
-- AUTO_INCREMENT for table `store`
--
ALTER TABLE `store`
  MODIFY `id` int(255) NOT NULL AUTO_INCREMENT, AUTO_INCREMENT=1082;

--
-- AUTO_INCREMENT for table `supplier`
--
ALTER TABLE `supplier`
  MODIFY `id` int(11) NOT NULL AUTO_INCREMENT, AUTO_INCREMENT=10;

--
-- AUTO_INCREMENT for table `users`
--
ALTER TABLE `users`
  MODIFY `id` int(11) NOT NULL AUTO_INCREMENT, AUTO_INCREMENT=7;

--
-- Constraints for dumped tables
--

--
-- Constraints for table `income`
--
ALTER TABLE `income`
  ADD CONSTRAINT `income_ibfk_1` FOREIGN KEY (`items_hscode`) REFERENCES `items` (`hscode`) ON DELETE CASCADE,
  ADD CONSTRAINT `income_supplier_fk` FOREIGN KEY (`supplier_id`) REFERENCES `supplier` (`id`) ON DELETE CASCADE ON UPDATE CASCADE;

--
-- Constraints for table `itemssales`
--
ALTER TABLE `itemssales`
  ADD CONSTRAINT `itemssales_ibfk_1` FOREIGN KEY (`items_hscode`) REFERENCES `items` (`hscode`) ON DELETE CASCADE ON UPDATE CASCADE,
  ADD CONSTRAINT `itemssales_ibfk_2` FOREIGN KEY (`san_code`) REFERENCES `san` (`code`) ON DELETE CASCADE ON UPDATE CASCADE,
  ADD CONSTRAINT `itemssales_ibfk_3` FOREIGN KEY (`sales_id`) REFERENCES `sales` (`id`) ON DELETE CASCADE ON UPDATE CASCADE;

--
-- Constraints for table `itemssan`
--
ALTER TABLE `itemssan`
  ADD CONSTRAINT `itemssan_ibfk_1` FOREIGN KEY (`items_hscode`) REFERENCES `items` (`hscode`) ON DELETE CASCADE ON UPDATE CASCADE;

--
-- Constraints for table `sales`
--
ALTER TABLE `sales`
  ADD CONSTRAINT `san_sales_1` FOREIGN KEY (`san_code`) REFERENCES `san` (`code`) ON DELETE CASCADE ON UPDATE CASCADE;

--
-- Constraints for table `store`
--
ALTER TABLE `store`
  ADD CONSTRAINT `store_ibfk_1` FOREIGN KEY (`items_hscode`) REFERENCES `items` (`hscode`) ON DELETE CASCADE ON UPDATE CASCADE,
  ADD CONSTRAINT `store_ibfk_2` FOREIGN KEY (`income_id`) REFERENCES `income` (`id`) ON DELETE SET NULL ON UPDATE CASCADE;
COMMIT;

/*!40101 SET CHARACTER_SET_CLIENT=@OLD_CHARACTER_SET_CLIENT */;
/*!40101 SET CHARACTER_SET_RESULTS=@OLD_CHARACTER_SET_RESULTS */;
/*!40101 SET COLLATION_CONNECTION=@OLD_COLLATION_CONNECTION */;
